{"score":{"s001":0.3055555556,"s002":0.5277777778,"s003":0.4166666667,"s004":0.7222222222,"s005":0.5555555556,"s006":0.5,"s007":0.7777777778,"s008":0.5555555556,"s009":0.7222222222,"s010":0.4722222222,"s011":0.5833333333,"s012":0.6666666667,"s013":0.5833333333,"s014":0.5277777778,"s015":0.5833333333,"s016":0.5833333333,"s017":0.5833333333,"s018":0.5833333333,"s019":0.5555555556,"s020":0.4722222222,"s021":0.6111111111,"s023":0.5555555556,"s025":0.6111111111,"s026":0.4444444444,"s027":0.6111111111,"s028":0.5833333333,"s029":0.5833333333,"s030":0.5833333333,"s031":0.5277777778,"s032":0.5555555556,"s033":0.4166666667,"s034":0.6666666667,"s035":0.8055555556,"s036":0.6666666667,"s037":0.6111111111,"s038":0.6666666667,"s039":0.5277777778,"s040":0.7222222222,"s041":0.6666666667,"s042":0.6111111111,"s043":0.5277777778,"s044":0.6111111111,"s046":0.5,"s047":0.7222222222,"s048":0.6944444444,"s049":0.6388888889,"s051":0.3611111111,"s052":0.5277777778,"s053":0.7222222222,"s054":0.6944444444,"s055":0.5277777778,"s056":0.5833333333,"s057":0.5555555556,"s058":0.6111111111,"s059":0.5555555556,"s060":0.8333333333,"s062":0.5833333333,"s063":0.6111111111,"s064":0.5833333333,"s065":0.6388888889,"s066":0.6111111111,"s067":0.6944444444,"s068":0.3333333333,"s069":0.3333333333,"s070":0.5555555556,"s071":0.1388888889,"s073":0.6944444444,"s074":0.5555555556,"s075":0.3333333333,"s076":0.3611111111,"s077":0.3333333333,"s078":0.4722222222,"s079":0.6388888889,"s080":0.6388888889,"s081":0.7222222222,"s082":0.6388888889,"s083":0.4722222222,"s084":0.3888888889,"s085":0.6388888889,"s086":0.4444444444,"s087":0.4722222222,"s088":0.5,"s089":0.5,"s090":0.3888888889,"s091":0.6388888889,"s092":0.6944444444,"s093":0.4722222222,"s094":0.5555555556,"s095":0.7777777778,"s096":0.5277777778,"s097":0.5,"s098":0.6388888889,"s099":0.6944444444,"s100":0.5,"s101":0.6111111111,"s102":0.75,"s103":0.6388888889,"s105":0.6388888889,"s106":0.4722222222,"s107":0.5,"s108":0.6111111111,"s109":0.3888888889,"s110":0.3888888889,"s111":0.6111111111,"s112":0.6388888889,"s113":0.6944444444,"s114":0.6666666667,"s115":0.6388888889,"s116":0.5833333333,"s117":0.5555555556,"s118":0.7777777778,"s119":0.6944444444,"s120":0.6944444444,"s121":0.5,"s122":0.7222222222,"s123":0.3888888889,"s124":0.7222222222,"s125":0.5555555556,"s126":0.5555555556,"s127":0.6388888889,"s128":0.6111111111,"s129":0.3611111111,"s130":0.6944444444,"s131":0.5277777778,"s132":0.6111111111,"s133":0.6388888889,"s134":0.5,"s135":0.3333333333,"s136":0.4722222222,"s138":0.6666666667,"s139":0.75,"s140":0.3888888889,"s141":0.5,"s142":0.4444444444,"s143":0.3333333333,"s144":0.6666666667,"s145":0.6666666667,"s146":0.5833333333,"s147":0.5,"s149":0.4166666667,"s150":0.6388888889,"s151":0.5,"s152":0.5833333333,"s153":0.5555555556,"s154":0.7222222222,"s155":0.6111111111,"s156":0.4722222222,"s157":0.5833333333,"s158":0.6388888889,"s160":0.4166666667,"s161":0.4166666667,"s162":0.6944444444,"s163":0.5277777778,"s165":0.5833333333,"s166":0.4166666667,"s167":0.6944444444,"s168":0.7222222222,"s169":0.25,"s170":0.5,"s171":0.5833333333,"s172":0.3333333333,"s173":0.6388888889,"s174":0.4444444444,"s175":0.7222222222,"s176":0.6111111111,"s177":0.4722222222,"s178":0.4166666667,"s179":0.6111111111,"s180":0.7777777778,"s181":0.5555555556,"s182":0.5277777778,"s183":0.5555555556,"s184":0.5,"s185":0.8055555556,"s186":0.75,"s187":0.5833333333,"s188":0.5,"s189":0.5277777778,"s190":0.6666666667,"s191":0.5555555556,"s192":0.5555555556,"s193":0.6944444444,"s194":0.5833333333,"s195":0.4166666667,"s196":0.4722222222,"s197":0.5833333333,"s198":0.5,"s199":0.6111111111,"s200":0.6111111111,"s201":0.6111111111,"s202":0.8888888889,"s203":0.6111111111,"s204":0.3055555556,"s205":0.5277777778,"s206":0.75,"s207":0.6388888889,"s208":0.5833333333,"s209":0.5833333333,"s210":0.6388888889,"s211":0.4722222222,"s212":0.6111111111,"s213":0.4722222222,"s214":0.5277777778,"s215":0.25,"s216":0.6666666667,"s217":0.1388888889,"s218":0.4444444444,"s219":0.6944444444,"s220":0.4722222222,"s221":0.75,"s222":0.6388888889,"s223":0.6111111111,"s224":0.5833333333,"s225":0.75,"s226":0.6666666667,"s227":0.6388888889,"s228":0.7222222222,"s229":0.4166666667,"s230":0.6111111111,"s231":0.4722222222,"s232":0.6111111111,"s233":0.5833333333,"s234":0.5,"s235":0.5277777778,"s236":0.6388888889,"s237":0.5277777778,"s238":0.5277777778,"s239":0.4166666667,"s240":0.5833333333,"s241":0.6666666667,"s242":0.5277777778,"s243":0.5555555556,"s244":0.5277777778,"s245":0.4722222222,"s246":0.6388888889,"s247":0.6388888889,"s248":0.6944444444,"s249":0.8333333333,"s250":0.6944444444,"s251":0.5833333333,"s252":0.6944444444,"s253":0.5833333333,"s254":0.5555555556,"s255":0.5277777778,"s256":0.8055555556,"s257":0.7222222222,"s258":0.5555555556,"s259":0.6388888889,"s260":0.5833333333,"s261":0.8333333333,"s262":0.3055555556,"s263":0.6388888889,"s264":0.3611111111,"s265":0.6111111111,"s266":0.5277777778,"s267":0.5555555556,"s268":0.4444444444,"s269":0.8333333333,"s270":0.6944444444,"s271":0.7222222222,"s272":0.6944444444,"s273":0.6944444444,"s274":0.75,"s275":0.6944444444,"s276":0.5555555556,"s277":0.6944444444,"s278":0.4166666667,"s279":0.4166666667,"s280":0.6944444444,"s282":0.75,"s283":0.6666666667,"s284":0.5833333333,"s285":0.7777777778,"s286":0.3888888889,"s288":0.75,"s289":0.4444444444,"s290":0.5277777778,"s291":0.75,"s292":0.5833333333,"s293":0.6388888889,"s294":0.6388888889,"s295":0.5277777778,"s296":0.8333333333,"s297":0.5277777778,"s298":0.4444444444,"s299":0.4722222222,"s301":0.6388888889,"s302":0.4722222222,"s303":0.75,"s304":0.5555555556,"s305":0.6944444444,"s307":0.6388888889,"s308":0.5277777778,"s309":0.8611111111,"s311":0.6666666667,"s312":0.5277777778,"s313":0.3611111111,"s314":0.3055555556,"s315":0.3888888889,"s316":0.5833333333,"s317":0.1944444444,"s319":0.4722222222,"s320":0.5833333333,"s321":0.7222222222,"s322":0.5833333333,"s323":0.75,"s324":0.4722222222,"s325":0.5277777778,"s326":0.6666666667,"s327":0.2777777778,"s328":0.6388888889,"s329":0.4722222222,"s330":0.7222222222,"s331":0.5555555556,"s332":0.5555555556,"s333":0.4722222222,"s334":0.5,"s335":0.5277777778,"s336":0.4722222222,"s337":0.5833333333,"s338":0.7222222222,"s339":0.75,"s340":0.7777777778,"s341":0.5,"s342":0.4444444444,"s343":0.6388888889,"s344":0.5833333333,"s345":0.6111111111,"s346":0.5555555556,"s347":0.6666666667,"s348":0.0,"s349":0.6666666667,"s350":0.5277777778,"s351":0.5555555556,"s352":0.3888888889,"s353":0.3055555556,"s354":0.6666666667,"s355":0.6666666667,"s356":0.6111111111,"s357":0.5833333333,"s358":0.4722222222,"s359":0.3888888889,"s360":0.4722222222,"s362":0.75,"s363":0.6388888889,"s364":0.7222222222,"s365":0.5555555556,"s366":0.5555555556,"s368":0.5,"s369":0.3888888889,"s370":0.6111111111,"s372":0.5,"s373":0.4722222222,"s374":0.5555555556,"s375":0.5277777778,"s376":0.6111111111,"s377":0.5555555556,"s378":0.6944444444,"s379":0.0277777778,"s380":0.5,"s381":0.5555555556,"s383":0.6944444444,"s384":0.5277777778,"s386":0.1666666667,"s387":0.6944444444,"s388":0.7222222222,"s389":0.6388888889,"s390":0.6111111111,"s391":0.5277777778,"s392":0.8055555556,"s393":0.5,"s394":0.6944444444,"s395":0.5833333333,"s396":0.5277777778,"s397":0.6944444444,"s398":0.5,"s399":0.3611111111,"s400":0.6388888889,"s401":0.5555555556,"s402":0.5555555556,"s403":0.5555555556,"s404":0.4722222222,"s405":0.6111111111,"s406":0.5833333333,"s407":0.6388888889,"s408":0.6388888889,"s409":0.6111111111,"s410":0.4166666667,"s411":0.6666666667,"s412":0.6944444444,"s413":0.6666666667,"s414":0.5833333333,"s415":0.6944444444,"s416":0.5,"s418":0.6944444444,"s419":0.4444444444,"s420":0.6666666667,"s421":0.5555555556,"s422":0.5833333333,"s423":0.8055555556,"s424":0.5833333333,"s425":0.6388888889,"s426":0.6944444444,"s427":0.5,"s428":0.4722222222,"s429":0.3888888889,"s430":0.6666666667,"s431":0.6388888889,"s432":0.4722222222,"s433":0.7222222222,"s434":0.6388888889,"s435":0.5277777778,"s436":0.75,"s438":0.5277777778,"s439":0.6111111111,"s440":0.6944444444,"s441":0.4444444444,"s443":0.6666666667,