{"base":{"s445":100.0,"s483":100.0,"s491":100.0,"s495":100.0,"s499":100.0,"s512":100.0,"s526":100.0,"s546":100.0,"08c9d27c-e51e-46e7-82f8-c3287d96b48a":-54.5,"61d1ef6b-35aa-4931-88dd-f425bdd026e4":-45.8,"s061":-24.9,"s130":-1.7,"s471":32.3,"s497":96.1,"s513":-35.8,"s518":-65.4,"s519":-9.9,"s548":-54.1,"s549":40.3},"bonuses":{"s445":11.4285714286,"s483":22.8571428571,"s491":21.1428571429,"s495":17.0285714286,"s499":13.0285714286,"s512":13.2571428571,"s526":21.6,"s546":12.8,"08c9d27c-e51e-46e7-82f8-c3287d96b48a":null,"61d1ef6b-35aa-4931-88dd-f425bdd026e4":2.0142857143,"s061":null,"s130":10.5142857143,"s471":5.4285714286,"s497":12.7,"s513":2.1142857143,"s518":null,"s519":8.0571428571,"s548":5.7714285714,"s549":12.0},"total":{"s445":111.4285714286,"s483":122.8571428571,"s491":121.1428571429,"s495":117.0285714286,"s499":113.0285714286,"s512":113.2571428571,"s526":121.6,"s546":112.8,"08c9d27c-e51e-46e7-82f8-c3287d96b48a":-54.5,"61d1ef6b-35aa-4931-88dd-f425bdd026e4":-43.7857142857,"s061":-24.9,"s130":8.8142857143,"s471":37.7285714286,"s497":108.8,"s513":-33.6857142857,"s518":-65.4,"s519":-1.8428571429,"s548":-48.3285714286,"s549":52.3}}