{"base":{"s445":100.0,"s483":100.0,"s491":100.0,"s495":100.0,"s499":100.0,"s512":100.0,"08c9d27c-e51e-46e7-82f8-c3287d96b48a":-26.8,"s061":8.8,"s497":96.2,"s513":-2.4},"bonuses":{"s445":10.0,"s483":20.0,"s491":17.2,"s495":13.5,"s499":11.2,"s512":11.8,"08c9d27c-e51e-46e7-82f8-c3287d96b48a":null,"s061":null,"s497":10.8857142857,"s513":1.9428571429},"total":{"s445":110.0,"s483":120.0,"s491":117.2,"s495":113.5,"s499":111.2,"s512":111.8,"08c9d27c-e51e-46e7-82f8-c3287d96b48a":-26.8,"s061":8.8,"s497":107.0857142857,"s513":-0.4571428571}}