{"base":{"s445":100.0,"s483":100.0,"s491":100.0,"s495":100.0,"s499":100.0,"s512":100.0,"08c9d27c-e51e-46e7-82f8-c3287d96b48a":-26.0,"61d1ef6b-35aa-4931-88dd-f425bdd026e4":-39.3,"s061":8.0,"s471":-34.5,"s497":96.2,"s513":-6.3,"s526":45.4},"bonuses":{"s445":10.0,"s483":20.0,"s491":17.2,"s495":13.2,"s499":11.0,"s512":11.8,"08c9d27c-e51e-46e7-82f8-c3287d96b48a":null,"61d1ef6b-35aa-4931-88dd-f425bdd026e4":null,"s061":null,"s471":null,"s497":10.6285714286,"s513":1.9428571429,"s526":3.9714285714},"total":{"s445":110.0,"s483":120.0,"s491":117.2,"s495":113.2,"s499":111.0,"s512":111.8,"08c9d27c-e51e-46e7-82f8-c3287d96b48a":-26.0,"61d1ef6b-35aa-4931-88dd-f425bdd026e4":-39.3,"s061":8.0,"s471":-34.5,"s497":106.8285714286,"s513":-4.3571428571,"s526":49.3714285714}}