{"base":{"s445":100.0,"s483":100.0,"s491":100.0,"s495":100.0,"s499":100.0,"s512":100.0,"08c9d27c-e51e-46e7-82f8-c3287d96b48a":-50.4,"61d1ef6b-35aa-4931-88dd-f425bdd026e4":-48.8,"s061":-16.9,"s471":-15.1,"s497":96.1,"s513":-29.4,"s526":84.2},"bonuses":{"s445":11.4285714286,"s483":22.8571428571,"s491":19.5428571429,"s495":15.4285714286,"s499":12.4571428571,"s512":13.0285714286,"08c9d27c-e51e-46e7-82f8-c3287d96b48a":null,"61d1ef6b-35aa-4931-88dd-f425bdd026e4":1.8,"s061":null,"s471":3.5428571429,"s497":12.1,"s513":2.0,"s526":16.1},"total":{"s445":111.4285714286,"s483":122.8571428571,"s491":119.5428571429,"s495":115.4285714286,"s499":112.4571428571,"s512":113.0285714286,"08c9d27c-e51e-46e7-82f8-c3287d96b48a":-50.4,"61d1ef6b-35aa-4931-88dd-f425bdd026e4":-47.0,"s061":-16.9,"s471":-11.5571428571,"s497":108.2,"s513":-27.4,"s526":100.3}}